{
  "loss_type": "focal",
  "best_config": {
    "hidden_dim": 256,
    "lr": 0.004477427984113198,
    "weight_decay": 0.007076022085822006,
    "batch_size": 1024,
    "la_k": 5,
    "la_alpha": 0.6047821669899485,
    "sched_patience": 3,
    "sched_factor": 0.41145858569464455,
    "dropout": 0.4633063543866615,
    "alpha": 0.6838466617334403,
    "gamma": 1.152026924410504
  },
  "threshold_selection_beta": 2.0,
  "val_pr_auc": 0.8547167736505586,
  "test_pr_auc": 0.8489932968763146,
  "best_thresh": 0.32487452030181885,
  "val_f2": 0.8045083540269262,
  "val_recall": 0.8015488867376573,
  "val_precision": 0.8165680473372781,
  "test_f1": 0.7965423403233552,
  "test_recall": 0.8028396256857051,
  "test_precision": 0.7903430749682337
}