{
  "best_config": {
    "lr": 0.0008181095281787279,
    "batch_size": 1024,
    "hidden_dim": 512,
    "weight_decay": 0.001041144521233157,
    "la_k": 10,
    "la_alpha": 0.756088124366642,
    "sched_patience": 3,
    "sched_factor": 0.6122868135033307
  },
  "val_pr_auc": 0.7765205734401163,
  "test_pr_auc": 0.7703838852558484,
  "best_thresh": 0.9448222517967224,
  "test_f1": 0.7284277345886316,
  "test_recall": 0.6660212971926428,
  "test_precision": 0.8037383177570093,
  "val_recall": 0.6534365924491772
}