{
  "best_params": {
    "objective": "binary:logistic",
    "tree_method": "hist",
    "seed": 42,
    "deterministic_histogram": true,
    "scale_pos_weight": 27.57921480854153,
    "max_depth": 6,
    "learning_rate": 0.05,
    "min_child_weight": 5,
    "subsample": 0.8,
    "colsample_bytree": 0.8,
    "gamma": 1.0,
    "reg_alpha": 0.1,
    "reg_lambda": 1.0
  },
  "val_pr_auc": 0.7964341949419524,
  "test_pr_auc": 0.7885647827363939,
  "best_thresh": 0.7892279028892517,
  "test_f1": 0.7438524540334472,
  "test_recall": 0.7028073572120038,
  "test_precision": 0.7899891186071817,
  "val_recall": 0.686350435624395
}