{
  "best_config": {
    "lr": 0.004477427984113198,
    "batch_size": 1024,
    "hidden_dim": 256,
    "weight_decay": 0.007076022085822006,
    "la_k": 5,
    "la_alpha": 0.6047821669899485,
    "sched_patience": 3,
    "sched_factor": 0.41145858569464455,
    "dropout": 0.4633063543866615,
    "alpha": 0.6838466617334403,
    "gamma": 1.152026924410504
  },
  "raw_model": {
    "val_pr_auc": 0.8495625949759371,
    "test_pr_auc": 0.8445832811532072
  },
  "thresholds": {
    "f2_threshold": 0.3940528333187103,
    "min_recall_threshold": 0.08,
    "cost_threshold": 0.3,
    "calibrated_f2_threshold": 0.1764705926179886
  },
  "f2_selection_raw": {
    "val_f2": 0.7996879247076756,
    "val_recall": 0.7938044530493708,
    "val_precision": 0.8241206030150754,
    "test_f2": 0.7861918230907688,
    "test_f1": 0.7815945039143634,
    "test_recall": 0.7892868667312036,
    "test_precision": 0.7740506329113924
  },
  "min_recall_selection_raw": {
    "target_recall": 0.9,
    "val_choice": {
      "threshold": 0.08,
      "precision": 0.2741324001166521,
      "recall": 0.9099709583736689,
      "f1": 0.421335723890632,
      "fbeta": 0.6216108980293612,
      "tp": 940.0,
      "fp": 2489.0,
      "tn": 25994.0,
      "fn": 93.0,
      "predicted_positive_rate": 0.11617427835750102
    },
    "test_f2": 0.6171516079632465,
    "test_f1": 0.4161380734621626,
    "test_recall": 0.9102936431106808,
    "test_precision": 0.269719858495076
  },
  "cost_selection_raw": {
    "fp_cost": 1.0,
    "fn_cost": 10.0,
    "val_choice": {
      "threshold": 0.3,
      "cost": 2266.0,
      "tp": 841,
      "fp": 346,
      "tn": 28137,
      "fn": 192,
      "precision": 0.7085088458298231,
      "recall": 0.814133591481123,
      "f1": 0.7576576576576577
    },
    "test_f2": 0.783857559401948,
    "test_f1": 0.740838463793609,
    "test_recall": 0.8154243304291707,
    "test_precision": 0.6787536932581252
  },
  "calibrated_model": {
    "val_pr_auc": 0.8431242161311516,
    "test_pr_auc": 0.8309025546605716,
    "val_f2": 0.7996879247076756,
    "val_recall": 0.7938044530493708,
    "val_precision": 0.8241206030150754,
    "test_f2": 0.7861918230907688,
    "test_f1": 0.7815945039143634,
    "test_recall": 0.7892868667312036,
    "test_precision": 0.7740506329113924
  },
  "three_way_system": {
    "low_thresh": 0.1764705926179886,
    "high_thresh": 0.4940528333187103,
    "auto_accept_count": 85421,
    "review_count": 561,
    "auto_decline_count": 2599,
    "review_rate": 0.0063331865749991535,
    "auto_decline_rate": 0.029340377733373973,
    "fraud_capture_review_or_decline": 0.7892868667312036,
    "decline_precision": 0.8818776607513428,
    "hard_decline_recall": 0.739593417231365
  },
  "stage2_results": null
}