{
  "low_thresh": 0.1764705926179886,
  "high_thresh": 0.4940528333187103,
  "auto_accept_count": 85421,
  "review_count": 561,
  "auto_decline_count": 2599,
  "review_rate": 0.0063331865749991535,
  "auto_decline_rate": 0.029340377733373973,
  "fraud_capture_review_or_decline": 0.7892868667312036,
  "decline_precision": 0.8818776607513428,
  "hard_decline_recall": 0.739593417231365
}