{
  "best_config": {
    "lr": 0.004477427984113198,
    "batch_size": 1024,
    "hidden_dim": 256,
    "weight_decay": 0.007076022085822006,
    "la_k": 5,
    "la_alpha": 0.6047821669899485,
    "sched_patience": 3,
    "sched_factor": 0.41145858569464455,
    "dropout": 0.4633063543866615,
    "alpha": 0.6838466617334403,
    "gamma": 1.152026924410504
  },
  "threshold_selection_beta": 2.0,
  "val_pr_auc": 0.846781980731291,
  "test_pr_auc": 0.8460779324062833,
  "best_thresh": 0.3050868511199951,
  "val_f2": 0.7901777162493921,
  "val_recall": 0.8005808325266215,
  "val_precision": 0.7511353315168029,
  "test_f1": 0.7711028958718422,
  "test_recall": 0.8076798967408841,
  "test_precision": 0.7376952549366342
}